3.5	Eric Goldberg, MD	4840 E Indian School Rd, Ste 101, Phoenix, AZ 85018
4.0	Pine Cone Restaurant	6162 US Highway 51, De Forest, WI 53532
4.0	Deforest Family Restaurant	505 W North St, De Forest, WI 53532
4.5	Culver's	4910 County Rd V, De Forest, WI 53532
4.0	Chang Jiang Chinese Kitchen	631 S Main St, De Forest, WI 53532
1.5	Charter Communications	4156 County Rd B, Mc Farland, WI 53558
2.0	Air Quality Systems	4709 Triangle St, Mc Farland, WI 53558
2.5	McFarland Public Library	5114 Farwell St, Mc Farland, WI 53558
3.5	Green Lantern Restaurant	4412 Siggelkow Rd, Mc Farland, WI 53558
4.5	Spartan Animal Hospital	4811 Larson Beach Rd, Mc Farland, WI 53558
3.5	Beach House Restaurant & Lounge	4506 Larson Beach Rd, Mc Farland, WI 53558
5.0	Parsonage Bed & Breakfast the	5508 Broadhead St, Mc Farland, WI 53558
1.5	Spartan Bowl	4711 Farwell St, Mc Farland, WI 53558
3.5	Spartan Pizza	5813 Main St, Mc Farland, WI 53558
3.5	Main Moon Chinese Restaurant	4850 Larson Beach Rd, Mc Farland, WI 53558
4.0	Crandalls Carryout & Catering	6401 University Ave, Middleton, WI 53562
3.0	Imperial Garden Chinese Restaurant	2039 Allen Blvd, Middleton, WI 53562
3.0	Mi Cocina	6230 University Ave, Middleton, WI 53562
2.5	Zimbrick Acura	7525 Century Ave, Middleton, WI 53562
3.5	Keva Sports Center	8312 Forsythia St, Middleton, WI 53562
4.5	Wild Birds Unlimited	8402 Old Sauk Rd, Middleton, WI 53562
4.5	Staybridge Suites Extended Stay Hotel Middleton/Madison-West	7790 Elmwood Ave, Middleton, WI 53562
5.0	Harbor Athletic Club	2529 Allen Blvd, Middleton, WI 53562
3.0	Domino's Pizza	2411 Allen Blvd, Middleton, WI 53562
3.0	Archivers	1661 Deming Way, Middleton, WI 53562
4.0	Michaels	1700 Deming Way, Middleton, WI 53562
3.5	Greenway Station Shopping Center	1620 Deming Way, Middleton, WI 53562
4.0	Barriques Wine & Spirits	1901 Cayuga St, Middleton, WI 53562
2.5	China Wok Buffet	6913 University Ave, Middleton, WI 53562
3.5	Prairie Cafe & Bakery	6720 Frank Lloyd Wright Ave, Middleton, WI 53562
3.5	Paul's Neighborhood Bar	2401 Parmenter St, Middleton, WI 53562
3.0	Chin's Asia Fresh	8414 Old Sauk Rd, Middleton, WI 53562
3.0	Grand China Restaurant	2608 Allen Blvd, Middleton, WI 53562
5.0	Lori's Pet-Agree Salon Llc	2313 Parmenter St, Middleton, WI 53562
3.0	Dennys	8302 Greenway Blvd, Middleton, WI 53562
3.0	Starbucks	8310 Greenway Blvd, Middleton, WI 53562
2.5	Cold Stone Creamery	1650 Deming Way, Middleton, WI 53562
3.5	Bristled Boar Saloon & Grill	2611 Branch St, Middleton, WI 53562
5.0	Killian Dental Clinic	6213 Middleton Springs Dr, Ste 104, Middleton, WI 53562
4.0	McDonald's	8308 Greenway Blvd, Middleton, WI 53562
5.0	All Pets Veterinary Clinic	1009 N Gammon Rd, Middleton, WI 53562
3.5	Fairfield Inn & Suites Madison West	8212 Greenway Blvd, Middleton, WI 53562
2.5	Hody Bar & Grill	1914 Aurora St, Middleton, WI 53562
4.0	Louisianne's Etc	7464 Hubbard Ave, Middleton, WI 53562
2.5	Marriott-Madison West	1313 John Q Hammons Dr, Middleton, WI 53562
3.5	Bowling Green Rec Center	7625 Lisa Ln, Middleton, WI 53562
3.5	Clasen's European Bakery	7610 Donna Dr, Middleton, WI 53562
4.0	Hilton Garden Inn Madison West/Middleton	1801 Deming Way, Middleton, WI 53562
5.0	Ace Hardware	2540 Allen Blvd, Middleton, WI 53562
1.5	Papa John's Pizza	6615 University Ave, Middleton, WI 53562
4.0	Three Sisters Old Town Inn	2227 Parmenter St, Middleton, WI 53562
4.5	Dick & Arnie's Barber Shop	6323 University Ave, Middleton, WI 53562
5.0	Revolution Hair Company Inc	3201 Glacier Ridge Rd, Middleton, WI 53562
4.0	Middleton Sport Bowl	6815 University Ave, Middleton, WI 53562
3.5	Middleton Public Pibrary	7425 Hubbard Ave, Middleton, WI 53562
2.0	Stamm House At Pheasant Branch	6625 Century Ave, Middleton, WI 53562
5.0	Bennett's Auto Repair LLC	2229 Eagle Dr, Middleton, WI 53562
5.0	Dunn's Import Inc	6516 University Ave, Middleton, WI 53562
4.5	Walgreens	2010 Branch St, Middleton, WI 53562
4.0	Hardee's	3311 W Beltline Hwy, Middleton, WI 53562
3.5	Full Compass Systems	9770 Silicon Prairie Pkwy, Madison, WI 53593
3.5	DSW	Greenway Station, 1700 Deming Way, Bldg C, Middleton, WI 53562
4.0	The Village Green Bar & Grill	7508 Hubbard Ave, Middleton, WI 53562
3.0	Walgreens	8302 Old Sauk Rd, Middleton, WI 53562
3.0	Banana Republic	32 W Towne Mall, Madison, WI 53719
3.0	Nitty Gritty Restaurant & Bar	1021 N Gammon Rd, Middleton, WI 53562
4.5	Brandon Eyes	8406 Old Sauk Rd, Junction Ridge, Middleton, WI 53562
4.5	Culver's	2906 Parmenter St, Middleton, WI 53562
4.5	Magic Wash Inc	3206 Parmenter St, Middleton, WI 53562
2.0	Tangles	6661 University Ave, Ste 103, Middleton, WI 53562
4.0	Vin Santo	7462 Hubbard Ave, Middleton, WI 53562
3.0	Soup Factory	1901 Cayuga St, Middleton, WI 53562
2.5	Club Tavern & Grille	1915 Branch St, Middleton, WI 53562
4.0	Jiffy Lube	6519 University Ave, Middleton, WI 53562
4.0	C's Restaurant Bakery and Coffee Shop	2550 Allen Blvd, Middleton, WI 53562
2.0	LOFT	Greenway Station, 1621 Demingway, Middleton, WI 53562
1.5	Arbor Lakes At Middleton	3511 Roma Ln, Middleton, WI 53562
2.5	The Bruce Company	2830 Parmenter St, Middleton, WI 53562
4.0	Patches and Pieces	7121 Companion Ln, Middleton, WI 53562
4.0	Capital Brewery & Beer Garden	7734 Terrace Ave, Middleton, WI 53562
4.0	Scott's Pastry Shoppe	6637 University Ave, Middleton, WI 53562
3.5	Zimbrick Volkswagen	7505 Century Ave, Middleton, WI 53562
1.5	Burger King	822 Windsor St, Sun Prairie, WI 53590
2.5	Pizza Pit	330 W Main St, Sun Prairie, WI 53590
3.5	The UPS Store	1223 W Main St, Sun Prairie, WI 53590
5.0	Sun Prairie Public Library	1350 Linnerud Dr, Sun Prairie, WI 53590
4.0	Panda Garden	922 Windsor St, Sun Prairie, WI 53590
3.0	Chang Jiang	984 W Main St, Sun Prairie, WI 53590
4.0	Deli Roma	1632 W Main St, Sun Prairie, WI 53590
3.0	Family Video	802 Windsor St, Sun Prairie, WI 53590
3.0	SIR Hobo's	710 W Main St, Sun Prairie, WI 53590
3.0	Peking Chinese Restaurant	2091 McCoy Rd, Sun Prairie, WI 53590
4.5	Prairie Diner	1034 Windsor St, Sun Prairie, WI 53590
2.5	Sun Prairie Golf Course	Happy Valley Rd, Sun Prairie, WI 53590
1.0	Kfc	1070 Emerald Ter, Sun Prairie, WI 53590
4.5	Prairie Athletic Club	1010 N Bird St, Sun Prairie, WI 53590
5.0	McV Salon	351 E Main St Frnt, Sun Prairie, WI 53590
2.0	Wal-Mart	1905 McCoy Rd, Sun Prairie, WI 53590
3.5	Country Cafe	1030 Emerald Ter, Sun Prairie, WI 53590
3.5	Angell Park Speedway	315 Park St, Sun Prairie, WI 53590
